{"cameraMode":{"drawMode":0,"name":"Shaded","section":"Shading Mode"},"sceneLighting":false,"audioPlay":false,"sceneViewState":{"m_AlwaysRefresh":true,"showFog":true,"showSkybox":true,"showFlares":true,"showImageEffects":true,"showParticleSystems":true,"showVisualEffectGraphs":true,"m_FxEnabled":true},"in2DMode":false,"pivot":{"x":3.198838233947754,"y":0.5796464681625366,"z":22.734638214111329},"rotation":{"x":0.012726965360343457,"y":-0.07240267097949982,"z":-0.0009291786700487137,"w":-0.9972670674324036},"size":12.12435531616211,"orthographic":false}